{
  "hash": "99c72a28",
  "configHash": "be48597d",
  "lockfileHash": "e5b1e594",
  "browserHash": "23d6b3ad",
  "optimized": {
    "@angular/common": {
      "src": "../../../../../../node_modules/@angular/common/fesm2022/common.mjs",
      "file": "@angular_common.js",
      "fileHash": "7db92cb4",
      "needsInterop": false
    },
    "@angular/common/http": {
      "src": "../../../../../../node_modules/@angular/common/fesm2022/http.mjs",
      "file": "@angular_common_http.js",
      "fileHash": "05c1bbe3",
      "needsInterop": false
    },
    "@angular/core": {
      "src": "../../../../../../node_modules/@angular/core/fesm2022/core.mjs",
      "file": "@angular_core.js",
      "fileHash": "6ffca022",
      "needsInterop": false
    },
    "@angular/forms": {
      "src": "../../../../../../node_modules/@angular/forms/fesm2022/forms.mjs",
      "file": "@angular_forms.js",
      "fileHash": "1e9bac3a",
      "needsInterop": false
    },
    "@angular/platform-browser": {
      "src": "../../../../../../node_modules/@angular/platform-browser/fesm2022/platform-browser.mjs",
      "file": "@angular_platform-browser.js",
      "fileHash": "69f3be2c",
      "needsInterop": false
    },
    "@angular/router": {
      "src": "../../../../../../node_modules/@angular/router/fesm2022/router.mjs",
      "file": "@angular_router.js",
      "fileHash": "a840f144",
      "needsInterop": false
    },
    "zone.js": {
      "src": "../../../../../../node_modules/zone.js/fesm2015/zone.js",
      "file": "zone__js.js",
      "fileHash": "3ddedf78",
      "needsInterop": true
    }
  },
  "chunks": {
    "chunk-37QQK27V": {
      "file": "chunk-37QQK27V.js"
    },
    "chunk-44U6573G": {
      "file": "chunk-44U6573G.js"
    },
    "chunk-47W3HNVP": {
      "file": "chunk-47W3HNVP.js"
    },
    "chunk-RDHXSB74": {
      "file": "chunk-RDHXSB74.js"
    },
    "chunk-Q3ZR32YE": {
      "file": "chunk-Q3ZR32YE.js"
    },
    "chunk-WDMUDEB6": {
      "file": "chunk-WDMUDEB6.js"
    }
  }
}